"","datetime","title","url","zip"
"0","2018/09/04 04:07:35","愛読書の印象","http://www.aozora.gr.jp/cards/000879/card4872.html","http://www.aozora.gr.jp/cards/000879/files/4872_ruby_20864.zip"
"1","2018/09/04 04:07:35","秋","http://www.aozora.gr.jp/cards/000879/card16.html","http://www.aozora.gr.jp/cards/000879/files/16_ruby_344.zip"
"2","2018/09/04 04:07:36","芥川竜之介歌集","http://www.aozora.gr.jp/cards/000879/card178.html","http://www.aozora.gr.jp/cards/000879/files/178_ruby_2210.zip"
"3","2018/09/04 04:07:37","アグニの神","http://www.aozora.gr.jp/cards/000879/card43014.html","http://www.aozora.gr.jp/cards/000879/files/43014_ruby_17392.zip"
"4","2018/09/04 04:07:37","アグニの神","http://www.aozora.gr.jp/cards/000879/card15.html","http://www.aozora.gr.jp/cards/000879/files/15_ruby_904.zip"
"5","2018/09/04 04:07:38","悪魔","http://www.aozora.gr.jp/cards/000879/card3804.html","http://www.aozora.gr.jp/cards/000879/files/3804_ruby_27189.zip"
"6","2018/09/04 04:07:39","浅草公園","http://www.aozora.gr.jp/cards/000879/card21.html","http://www.aozora.gr.jp/cards/000879/files/21_ruby_1427.zip"
"7","2018/09/04 04:07:40","兄貴のような心持","http://www.aozora.gr.jp/cards/000879/card43361.html","http://www.aozora.gr.jp/cards/000879/files/43361_ruby_17690.zip"
"8","2018/09/04 04:07:40","あの頃の自分の事","http://www.aozora.gr.jp/cards/000879/card17.html","http://www.aozora.gr.jp/cards/000879/files/17_ruby_377.zip"
"9","2018/09/04 04:07:41","あばばばば","http://www.aozora.gr.jp/cards/000879/card14.html","http://www.aozora.gr.jp/cards/000879/files/14_ruby_1261.zip"
"10","2018/09/04 04:07:42","鴉片","http://www.aozora.gr.jp/cards/000879/card1138.html","http://www.aozora.gr.jp/cards/000879/files/1138_ruby_6111.zip"
"11","2018/09/04 04:07:42","或阿呆の一生","http://www.aozora.gr.jp/cards/000879/card19.html","http://www.aozora.gr.jp/cards/000879/files/19_ruby_306.zip"
"12","2018/09/04 04:07:43","或敵打の話","http://www.aozora.gr.jp/cards/000879/card73.html","http://www.aozora.gr.jp/cards/000879/files/73_ruby_1217.zip"
"13","2018/09/04 04:07:44","或旧友へ送る手記","http://www.aozora.gr.jp/cards/000879/card20.html","http://www.aozora.gr.jp/cards/000879/files/20_ruby_302.zip"
"14","2018/09/04 04:07:44","或社会主義者","http://www.aozora.gr.jp/cards/000879/card3827.html","http://www.aozora.gr.jp/cards/000879/files/3827_ruby_27190.zip"
"15","2018/09/04 04:07:45","或日の大石内蔵助","http://www.aozora.gr.jp/cards/000879/card122.html","http://www.aozora.gr.jp/cards/000879/files/122_ruby_172.zip"
"16","2018/09/04 04:07:46","或恋愛小説","http://www.aozora.gr.jp/cards/000879/card129.html","http://www.aozora.gr.jp/cards/000879/files/129_ruby_1142.zip"
"17","2018/09/04 04:07:46","闇中問答","http://www.aozora.gr.jp/cards/000879/card18.html","http://www.aozora.gr.jp/cards/000879/files/18_ruby_268.zip"
"18","2018/09/04 04:07:47","案頭の書","http://www.aozora.gr.jp/cards/000879/card3767.html","http://www.aozora.gr.jp/cards/000879/files/3767_ruby_27191.zip"
"19","2018/09/04 04:07:48","飯田蛇笏","http://www.aozora.gr.jp/cards/000879/card43362.html","http://www.aozora.gr.jp/cards/000879/files/43362_ruby_20778.zip"
"20","2018/09/04 04:07:49","遺書","http://www.aozora.gr.jp/cards/000879/card16034.html","http://www.aozora.gr.jp/cards/000879/files/16034_txt_33093.zip"
"21","2018/09/04 04:07:49","イズムと云ふ語の意味次第","http://www.aozora.gr.jp/cards/000879/card3750.html","http://www.aozora.gr.jp/cards/000879/files/3750_ruby_27192.zip"
"22","2018/09/04 04:07:50","一番気乗のする時","http://www.aozora.gr.jp/cards/000879/card3748.html","http://www.aozora.gr.jp/cards/000879/files/3748_ruby_27193.zip"
"23","2018/09/04 04:07:52","一夕話","http://www.aozora.gr.jp/cards/000879/card57.html","http://www.aozora.gr.jp/cards/000879/files/57_ruby_1172.zip"
"24","2018/09/04 04:07:52","伊東から","http://www.aozora.gr.jp/cards/000879/card3761.html","http://www.aozora.gr.jp/cards/000879/files/3761_ruby_27194.zip"
"25","2018/09/04 04:07:53","糸女覚え書","http://www.aozora.gr.jp/cards/000879/card58.html","http://www.aozora.gr.jp/cards/000879/files/58_ruby_1269.zip"
"26","2018/09/04 04:07:53","犬養君に就いて","http://www.aozora.gr.jp/cards/000879/card43363.html","http://www.aozora.gr.jp/cards/000879/files/43363_txt_25701.zip"
"27","2018/09/04 04:07:54","犬と笛","http://www.aozora.gr.jp/cards/000879/card56.html","http://www.aozora.gr.jp/cards/000879/files/56_ruby_845.zip"
"28","2018/09/04 04:07:55","芋粥","http://www.aozora.gr.jp/cards/000879/card55.html","http://www.aozora.gr.jp/cards/000879/files/55_ruby_1843.zip"
"29","2018/09/04 04:07:55","岩野泡鳴氏","http://www.aozora.gr.jp/cards/000879/card4274.html","http://www.aozora.gr.jp/cards/000879/files/4274_ruby_5485.zip"
"30","2018/09/04 04:07:56","魚河岸","http://www.aozora.gr.jp/cards/000879/card177.html","http://www.aozora.gr.jp/cards/000879/files/177_ruby_1019.zip"
"31","2018/09/04 04:07:57","内田百間氏","http://www.aozora.gr.jp/cards/000879/card4312.html","http://www.aozora.gr.jp/cards/000879/files/4312_ruby_33091.zip"
"32","2018/09/04 04:07:57","産屋","http://www.aozora.gr.jp/cards/000879/card51864.html","http://www.aozora.gr.jp/cards/000879/files/51864_txt_39682.zip"
"33","2018/09/04 04:07:58","馬の脚","http://www.aozora.gr.jp/cards/000879/card174.html","http://www.aozora.gr.jp/cards/000879/files/174_ruby_1111.zip"
"34","2018/09/04 04:07:58","海のほとり","http://www.aozora.gr.jp/cards/000879/card175.html","http://www.aozora.gr.jp/cards/000879/files/175_ruby_1121.zip"
"35","2018/09/04 04:08:00","囈語","http://www.aozora.gr.jp/cards/000879/card3823.html","http://www.aozora.gr.jp/cards/000879/files/3823_ruby_27210.zip"
"36","2018/09/04 04:08:01","運","http://www.aozora.gr.jp/cards/000879/card176.html","http://www.aozora.gr.jp/cards/000879/files/176_ruby_761.zip"
"37","2018/09/04 04:08:01","永久に不愉快な二重生活","http://www.aozora.gr.jp/cards/000879/card3751.html","http://www.aozora.gr.jp/cards/000879/files/3751_ruby_27195.zip"
"38","2018/09/04 04:08:03","英雄の器","http://www.aozora.gr.jp/cards/000879/card35.html","http://www.aozora.gr.jp/cards/000879/files/35_ruby_841.zip"
"39","2018/09/04 04:08:03","江口渙氏の事","http://www.aozora.gr.jp/cards/000879/card43364.html","http://www.aozora.gr.jp/cards/000879/files/43364_ruby_25697.zip"
"40","2018/09/04 04:08:04","槐","http://www.aozora.gr.jp/cards/000879/card3825.html","http://www.aozora.gr.jp/cards/000879/files/3825_ruby_27196.zip"
"41","2018/09/04 04:08:06","老いたる素戔嗚尊","http://www.aozora.gr.jp/cards/000879/card118.html","http://www.aozora.gr.jp/cards/000879/files/118_ruby_1281.zip"
"42","2018/09/04 04:08:06","往生絵巻","http://www.aozora.gr.jp/cards/000879/card117.html","http://www.aozora.gr.jp/cards/000879/files/117_ruby_1003.zip"
"43","2018/09/04 04:08:07","鸚鵡","http://www.aozora.gr.jp/cards/000879/card3763.html","http://www.aozora.gr.jp/cards/000879/files/3763_ruby_27197.zip"
"44","2018/09/04 04:08:08","大川の水","http://www.aozora.gr.jp/cards/000879/card123.html","http://www.aozora.gr.jp/cards/000879/files/123_ruby_1199.zip"
"45","2018/09/04 04:08:08","大久保湖州","http://www.aozora.gr.jp/cards/000879/card49328.html","http://www.aozora.gr.jp/cards/000879/files/49328_ruby_33094.zip"
"46","2018/09/04 04:08:09","Ｏ君の新秋","http://www.aozora.gr.jp/cards/000879/card3824.html","http://www.aozora.gr.jp/cards/000879/files/3824_ruby_27198.zip"
"47","2018/09/04 04:08:09","尾形了斎覚え書","http://www.aozora.gr.jp/cards/000879/card115.html","http://www.aozora.gr.jp/cards/000879/files/115_ruby_592.zip"
"48","2018/09/04 04:08:10","おぎん","http://www.aozora.gr.jp/cards/000879/card116.html","http://www.aozora.gr.jp/cards/000879/files/116_ruby_1095.zip"
"49","2018/09/04 04:08:11","お時儀","http://www.aozora.gr.jp/cards/000879/card119.html","http://www.aozora.gr.jp/cards/000879/files/119_ruby_1007.zip"
"50","2018/09/04 04:08:11","おしの","http://www.aozora.gr.jp/cards/000879/card125.html","http://www.aozora.gr.jp/cards/000879/files/125_ruby_1099.zip"
"51","2018/09/04 04:08:12","お富の貞操","http://www.aozora.gr.jp/cards/000879/card126.html","http://www.aozora.gr.jp/cards/000879/files/126_ruby_1296.zip"
"52","2018/09/04 04:08:13","鬼ごつこ","http://www.aozora.gr.jp/cards/000879/card3826.html","http://www.aozora.gr.jp/cards/000879/files/3826_ruby_27199.zip"
"53","2018/09/04 04:08:13","お律と子等と","http://www.aozora.gr.jp/cards/000879/card124.html","http://www.aozora.gr.jp/cards/000879/files/124_ruby_952.zip"
"54","2018/09/04 04:08:14","温泉だより","http://www.aozora.gr.jp/cards/000879/card121.html","http://www.aozora.gr.jp/cards/000879/files/121_ruby_1285.zip"
"55","2018/09/04 04:08:15","女","http://www.aozora.gr.jp/cards/000879/card120.html","http://www.aozora.gr.jp/cards/000879/files/120_ruby_1011.zip"
"56","2018/09/04 04:08:15","開化の良人","http://www.aozora.gr.jp/cards/000879/card67.html","http://www.aozora.gr.jp/cards/000879/files/67_ruby_967.zip"
"57","2018/09/04 04:08:16","開化の殺人","http://www.aozora.gr.jp/cards/000879/card66.html","http://www.aozora.gr.jp/cards/000879/files/66_ruby_400.zip"
"58","2018/09/04 04:08:16","貝殻","http://www.aozora.gr.jp/cards/000879/card65.html","http://www.aozora.gr.jp/cards/000879/files/65_ruby_1386.zip"
"59","2018/09/04 04:08:17","解嘲","http://www.aozora.gr.jp/cards/000879/card3764.html","http://www.aozora.gr.jp/cards/000879/files/3764_ruby_27200.zip"
"60","2018/09/04 04:08:18","蛙","http://www.aozora.gr.jp/cards/000879/card3800.html","http://www.aozora.gr.jp/cards/000879/files/3800_ruby_27201.zip"
"61","2018/09/04 04:08:19","格さんと食慾","http://www.aozora.gr.jp/cards/000879/card43365.html","http://www.aozora.gr.jp/cards/000879/files/43365_ruby_25702.zip"
"62","2018/09/04 04:08:19","影","http://www.aozora.gr.jp/cards/000879/card64.html","http://www.aozora.gr.jp/cards/000879/files/64_ruby_1561.zip"
"63","2018/09/04 04:08:20","片恋","http://www.aozora.gr.jp/cards/000879/card74.html","http://www.aozora.gr.jp/cards/000879/files/74_ruby_853.zip"
"64","2018/09/04 04:08:20","かちかち山","http://www.aozora.gr.jp/cards/000879/card3814.html","http://www.aozora.gr.jp/cards/000879/files/3814_ruby_27202.zip"
"65","2018/09/04 04:08:21","学校友だち","http://www.aozora.gr.jp/cards/000879/card3772.html","http://www.aozora.gr.jp/cards/000879/files/3772_ruby_27203.zip"
"66","2018/09/04 04:08:22","河童","http://www.aozora.gr.jp/cards/000879/card69.html","http://www.aozora.gr.jp/cards/000879/files/69_ruby_1321.zip"
"67","2018/09/04 04:08:22","河童","http://www.aozora.gr.jp/cards/000879/card45761.html","http://www.aozora.gr.jp/cards/000879/files/45761_ruby_38235.zip"
"68","2018/09/04 04:08:23","南瓜","http://www.aozora.gr.jp/cards/000879/card3802.html","http://www.aozora.gr.jp/cards/000879/files/3802_ruby_27204.zip"
"69","2018/09/04 04:08:24","神神の微笑","http://www.aozora.gr.jp/cards/000879/card68.html","http://www.aozora.gr.jp/cards/000879/files/68_ruby_936.zip"
"70","2018/09/04 04:08:24","「仮面」の人々","http://www.aozora.gr.jp/cards/000879/card3766.html","http://www.aozora.gr.jp/cards/000879/files/3766_ruby_27205.zip"
"71","2018/09/04 04:08:25","鴨猟","http://www.aozora.gr.jp/cards/000879/card43366.html","http://www.aozora.gr.jp/cards/000879/files/43366_ruby_25731.zip"
"72","2018/09/04 04:08:26","軽井沢で","http://www.aozora.gr.jp/cards/000879/card2323.html","http://www.aozora.gr.jp/cards/000879/files/2323_ruby_1514.zip"
"73","2018/09/04 04:08:26","カルメン","http://www.aozora.gr.jp/cards/000879/card29.html","http://www.aozora.gr.jp/cards/000879/files/29_ruby_1382.zip"
"74","2018/09/04 04:08:27","彼","http://www.aozora.gr.jp/cards/000879/card70.html","http://www.aozora.gr.jp/cards/000879/files/70_ruby_1565.zip"
"75","2018/09/04 04:08:28","彼　第二","http://www.aozora.gr.jp/cards/000879/card71.html","http://www.aozora.gr.jp/cards/000879/files/71_ruby_1569.zip"
"76","2018/09/04 04:08:28","枯野抄","http://www.aozora.gr.jp/cards/000879/card72.html","http://www.aozora.gr.jp/cards/000879/files/72_ruby_362.zip"
"77","2018/09/04 04:08:29","彼の長所十八","http://www.aozora.gr.jp/cards/000879/card43367.html","http://www.aozora.gr.jp/cards/000879/files/43367_ruby_25732.zip"
"78","2018/09/04 04:08:30","寒山拾得","http://www.aozora.gr.jp/cards/000879/card3809.html","http://www.aozora.gr.jp/cards/000879/files/3809_ruby_26529.zip"
"79","2018/09/04 04:08:30","鑑定","http://www.aozora.gr.jp/cards/000879/card3747.html","http://www.aozora.gr.jp/cards/000879/files/3747_ruby_27206.zip"
"80","2018/09/04 04:08:31","奇怪な再会","http://www.aozora.gr.jp/cards/000879/card77.html","http://www.aozora.gr.jp/cards/000879/files/77_ruby_944.zip"
"81","2018/09/04 04:08:32","機関車を見ながら","http://www.aozora.gr.jp/cards/000879/card2366.html","http://www.aozora.gr.jp/cards/000879/files/2366_ruby_1394.zip"
"82","2018/09/04 04:08:33","奇遇","http://www.aozora.gr.jp/cards/000879/card76.html","http://www.aozora.gr.jp/cards/000879/files/76_ruby_940.zip"
"83","2018/09/04 04:08:33","「菊池寛全集」の序","http://www.aozora.gr.jp/cards/000879/card43368.html","http://www.aozora.gr.jp/cards/000879/files/43368_ruby_17691.zip"
"84","2018/09/04 04:08:34","煙管","http://www.aozora.gr.jp/cards/000879/card80.html","http://www.aozora.gr.jp/cards/000879/files/80_ruby_753.zip"
"85","2018/09/04 04:08:34","木曽義仲論","http://www.aozora.gr.jp/cards/000879/card81.html","http://www.aozora.gr.jp/cards/000879/files/81_txt_1409.zip"
"86","2018/09/04 04:08:35","着物","http://www.aozora.gr.jp/cards/000879/card1137.html","http://www.aozora.gr.jp/cards/000879/files/1137_ruby_5484.zip"
"87","2018/09/04 04:08:36","凶","http://www.aozora.gr.jp/cards/000879/card2327.html","http://www.aozora.gr.jp/cards/000879/files/2327_ruby_1526.zip"
"88","2018/09/04 04:08:36","「鏡花全集」目録開口","http://www.aozora.gr.jp/cards/000879/card93.html","http://www.aozora.gr.jp/cards/000879/files/93_ruby_2011.zip"
"89","2018/09/04 04:08:37","教訓談","http://www.aozora.gr.jp/cards/000879/card3815.html","http://www.aozora.gr.jp/cards/000879/files/3815_ruby_27207.zip"
"90","2018/09/04 04:08:38","京都日記","http://www.aozora.gr.jp/cards/000879/card3803.html","http://www.aozora.gr.jp/cards/000879/files/3803_ruby_27208.zip"
"91","2018/09/04 04:08:38","きりしとほろ上人伝","http://www.aozora.gr.jp/cards/000879/card79.html","http://www.aozora.gr.jp/cards/000879/files/79_ruby_381.zip"
"92","2018/09/04 04:08:39","疑惑","http://www.aozora.gr.jp/cards/000879/card39.html","http://www.aozora.gr.jp/cards/000879/files/39_ruby_881.zip"
"93","2018/09/04 04:08:40","金将軍","http://www.aozora.gr.jp/cards/000879/card78.html","http://www.aozora.gr.jp/cards/000879/files/78_ruby_1138.zip"
"94","2018/09/04 04:08:41","鵠沼雑記","http://www.aozora.gr.jp/cards/000879/card2328.html","http://www.aozora.gr.jp/cards/000879/files/2328_ruby_1529.zip"
"95","2018/09/04 04:08:41","孔雀","http://www.aozora.gr.jp/cards/000879/card3784.html","http://www.aozora.gr.jp/cards/000879/files/3784_ruby_27209.zip"
"96","2018/09/04 04:08:42","首が落ちた話","http://www.aozora.gr.jp/cards/000879/card91.html","http://www.aozora.gr.jp/cards/000879/files/91_ruby_975.zip"
"97","2018/09/04 04:08:43","久保田万太郎氏","http://www.aozora.gr.jp/cards/000879/card43369.html","http://www.aozora.gr.jp/cards/000879/files/43369_ruby_25735.zip"
"98","2018/09/04 04:08:43","久米正雄","http://www.aozora.gr.jp/cards/000879/card43370.html","http://www.aozora.gr.jp/cards/000879/files/43370_ruby_25736.zip"
"99","2018/09/04 04:08:44","久米正雄氏の事","http://www.aozora.gr.jp/cards/000879/card43371.html","http://www.aozora.gr.jp/cards/000879/files/43371_ruby_25737.zip"
"100","2018/09/04 04:08:44","蜘蛛の糸","http://www.aozora.gr.jp/cards/000879/card92.html","http://www.aozora.gr.jp/cards/000879/files/92_ruby_164.zip"
"101","2018/09/04 04:08:45","クラリモンド","http://www.aozora.gr.jp/cards/001086/card4311.html","http://www.aozora.gr.jp/cards/001086/files/4311_ruby_33095.zip"
"102","2018/09/04 04:08:46","軍艦金剛航海記","http://www.aozora.gr.jp/cards/000879/card51865.html","http://www.aozora.gr.jp/cards/000879/files/51865_ruby_39683.zip"
"103","2018/09/04 04:08:46","芸術その他","http://www.aozora.gr.jp/cards/000879/card4273.html","http://www.aozora.gr.jp/cards/000879/files/4273_ruby_5440.zip"
"104","2018/09/04 04:08:47","戯作三昧","http://www.aozora.gr.jp/cards/000879/card38.html","http://www.aozora.gr.jp/cards/000879/files/38_ruby_3638.zip"
"105","2018/09/04 04:08:48","戯作三昧","http://www.aozora.gr.jp/cards/000879/card37.html","http://www.aozora.gr.jp/cards/000879/files/37_ruby_1265.zip"
"106","2018/09/04 04:08:49","袈裟と盛遠","http://www.aozora.gr.jp/cards/000879/card75.html","http://www.aozora.gr.jp/cards/000879/files/75_ruby_971.zip"
"107","2018/09/04 04:08:49","結婚難並びに恋愛難","http://www.aozora.gr.jp/cards/000879/card1131.html","http://www.aozora.gr.jp/cards/000879/files/1131_ruby_5513.zip"
"108","2018/09/04 04:08:50","「ケルトの薄明」より","http://www.aozora.gr.jp/cards/001085/card1128.html","http://www.aozora.gr.jp/cards/001085/files/1128_ruby_17111.zip"
"109","2018/09/04 04:08:51","玄鶴山房","http://www.aozora.gr.jp/cards/000879/card36.html","http://www.aozora.gr.jp/cards/000879/files/36_ruby_627.zip"
"110","2018/09/04 04:08:51","講演軍記","http://www.aozora.gr.jp/cards/000879/card3797.html","http://www.aozora.gr.jp/cards/000879/files/3797_ruby_27211.zip"
"111","2018/09/04 04:08:52","剛才人と柔才人と","http://www.aozora.gr.jp/cards/000879/card43375.html","http://www.aozora.gr.jp/cards/000879/files/43375_txt_25699.zip"
"112","2018/09/04 04:08:53","好色","http://www.aozora.gr.jp/cards/000879/card90.html","http://www.aozora.gr.jp/cards/000879/files/90_ruby_1292.zip"
"113","2018/09/04 04:08:53","後世","http://www.aozora.gr.jp/cards/000879/card33202.html","http://www.aozora.gr.jp/cards/000879/files/33202_ruby_12223.zip"
"114","2018/09/04 04:08:54","校正後に","http://www.aozora.gr.jp/cards/000879/card89.html","http://www.aozora.gr.jp/cards/000879/files/89_ruby_1231.zip"
"115","2018/09/04 04:08:55","合理的、同時に多量の人間味","http://www.aozora.gr.jp/cards/000879/card43376.html","http://www.aozora.gr.jp/cards/000879/files/43376_ruby_25698.zip"
"116","2018/09/04 04:08:55","黄粱夢","http://www.aozora.gr.jp/cards/000879/card88.html","http://www.aozora.gr.jp/cards/000879/files/88_ruby_160.zip"
"117","2018/09/04 04:08:56","黒衣聖母","http://www.aozora.gr.jp/cards/000879/card85.html","http://www.aozora.gr.jp/cards/000879/files/85_ruby_991.zip"
"118","2018/09/04 04:08:56","小杉未醒氏","http://www.aozora.gr.jp/cards/000879/card43373.html","http://www.aozora.gr.jp/cards/000879/files/43373_ruby_25734.zip"
"119","2018/09/04 04:08:57","古千屋","http://www.aozora.gr.jp/cards/000879/card82.html","http://www.aozora.gr.jp/cards/000879/files/82_ruby_1451.zip"
"120","2018/09/04 04:08:58","骨董羹","http://www.aozora.gr.jp/cards/000879/card3738.html","http://www.aozora.gr.jp/cards/000879/files/3738_ruby_27212.zip"
"121","2018/09/04 04:08:58","孤独地獄","http://www.aozora.gr.jp/cards/000879/card83.html","http://www.aozora.gr.jp/cards/000879/files/83_ruby_260.zip"
"122","2018/09/04 04:08:59","子供の病気","http://www.aozora.gr.jp/cards/000879/card84.html","http://www.aozora.gr.jp/cards/000879/files/84_ruby_1091.zip"
"123","2018/09/04 04:09:00","湖南の扇","http://www.aozora.gr.jp/cards/000879/card87.html","http://www.aozora.gr.jp/cards/000879/files/87_ruby_639.zip"
"124","2018/09/04 04:09:00","近藤浩一路氏","http://www.aozora.gr.jp/cards/000879/card43374.html","http://www.aozora.gr.jp/cards/000879/files/43374_txt_25733.zip"
"125","2018/09/04 04:09:01","金春会の「隅田川」","http://www.aozora.gr.jp/cards/000879/card1134.html","http://www.aozora.gr.jp/cards/000879/files/1134_ruby_5488.zip"
"126","2018/09/04 04:09:01","西郷隆盛","http://www.aozora.gr.jp/cards/000879/card136.html","http://www.aozora.gr.jp/cards/000879/files/136_ruby_979.zip"
"127","2018/09/04 04:09:02","才一巧亦不二","http://www.aozora.gr.jp/cards/000879/card3779.html","http://www.aozora.gr.jp/cards/000879/files/3779_ruby_27213.zip"
"128","2018/09/04 04:09:03","西方の人","http://www.aozora.gr.jp/cards/000879/card141.html","http://www.aozora.gr.jp/cards/000879/files/141_ruby_314.zip"
"129","2018/09/04 04:09:03","鷺と鴛鴦","http://www.aozora.gr.jp/cards/000879/card3816.html","http://www.aozora.gr.jp/cards/000879/files/3816_ruby_27214.zip"
"130","2018/09/04 04:09:04","雑信一束","http://www.aozora.gr.jp/cards/000879/card51214.html","http://www.aozora.gr.jp/cards/000879/files/51214_ruby_55973.zip"
"131","2018/09/04 04:09:05","雑筆","http://www.aozora.gr.jp/cards/000879/card3739.html","http://www.aozora.gr.jp/cards/000879/files/3739_ruby_27215.zip"
"132","2018/09/04 04:09:05","佐藤春夫氏","http://www.aozora.gr.jp/cards/000879/card4277.html","http://www.aozora.gr.jp/cards/000879/files/4277_ruby_5489.zip"
"133","2018/09/04 04:09:06","佐藤春夫氏の事","http://www.aozora.gr.jp/cards/000879/card43377.html","http://www.aozora.gr.jp/cards/000879/files/43377_ruby_17692.zip"
"134","2018/09/04 04:09:06","さまよえる猶太人","http://www.aozora.gr.jp/cards/000879/card185.html","http://www.aozora.gr.jp/cards/000879/files/185_ruby_745.zip"
"135","2018/09/04 04:09:07","寒さ","http://www.aozora.gr.jp/cards/000879/card137.html","http://www.aozora.gr.jp/cards/000879/files/137_ruby_1103.zip"
"136","2018/09/04 04:09:08","沙羅の花","http://www.aozora.gr.jp/cards/000879/card3820.html","http://www.aozora.gr.jp/cards/000879/files/3820_ruby_27216.zip"
"137","2018/09/04 04:09:08","猿","http://www.aozora.gr.jp/cards/000879/card139.html","http://www.aozora.gr.jp/cards/000879/files/139_ruby_799.zip"
"138","2018/09/04 04:09:09","猿蟹合戦","http://www.aozora.gr.jp/cards/000879/card140.html","http://www.aozora.gr.jp/cards/000879/files/140_ruby_1015.zip"
"139","2018/09/04 04:09:10","三右衛門の罪","http://www.aozora.gr.jp/cards/000879/card138.html","http://www.aozora.gr.jp/cards/000879/files/138_ruby_1180.zip"
"140","2018/09/04 04:09:10","死後","http://www.aozora.gr.jp/cards/000879/card146.html","http://www.aozora.gr.jp/cards/000879/files/146_ruby_1435.zip"
"141","2018/09/04 04:09:11","地獄変","http://www.aozora.gr.jp/cards/000879/card61.html","http://www.aozora.gr.jp/cards/000879/files/61_ruby_2706.zip"
"142","2018/09/04 04:09:12","地獄変","http://www.aozora.gr.jp/cards/000879/card60.html","http://www.aozora.gr.jp/cards/000879/files/60_ruby_821.zip"
"143","2018/09/04 04:09:12","詩集","http://www.aozora.gr.jp/cards/000879/card3818.html","http://www.aozora.gr.jp/cards/000879/files/3818_ruby_27217.zip"
"144","2018/09/04 04:09:13","十本の針","http://www.aozora.gr.jp/cards/000879/card13.html","http://www.aozora.gr.jp/cards/000879/files/13_ruby_1960.zip"
"145","2018/09/04 04:09:13","支那の画","http://www.aozora.gr.jp/cards/000879/card3742.html","http://www.aozora.gr.jp/cards/000879/files/3742_ruby_27218.zip"
"146","2018/09/04 04:09:14","「支那游記」自序","http://www.aozora.gr.jp/cards/000879/card51212.html","http://www.aozora.gr.jp/cards/000879/files/51212_ruby_55972.zip"
"147","2018/09/04 04:09:15","島木赤彦氏","http://www.aozora.gr.jp/cards/000879/card43380.html","http://www.aozora.gr.jp/cards/000879/files/43380_txt_25740.zip"
"148","2018/09/04 04:09:15","耳目記","http://www.aozora.gr.jp/cards/000879/card2326.html","http://www.aozora.gr.jp/cards/000879/files/2326_ruby_1523.zip"
"149","2018/09/04 04:09:16","霜夜","http://www.aozora.gr.jp/cards/000879/card1129.html","http://www.aozora.gr.jp/cards/000879/files/1129_txt_6758.zip"
"150","2018/09/04 04:09:17","邪宗門","http://www.aozora.gr.jp/cards/000879/card59.html","http://www.aozora.gr.jp/cards/000879/files/59_ruby_849.zip"
"151","2018/09/04 04:09:18","上海游記","http://www.aozora.gr.jp/cards/000879/card51215.html","http://www.aozora.gr.jp/cards/000879/files/51215_ruby_56333.zip"
"152","2018/09/04 04:09:18","十円札","http://www.aozora.gr.jp/cards/000879/card62.html","http://www.aozora.gr.jp/cards/000879/files/62_ruby_1087.zip"
"153","2018/09/04 04:09:19","秋山図","http://www.aozora.gr.jp/cards/000879/card162.html","http://www.aozora.gr.jp/cards/000879/files/162_ruby_1966.zip"
"154","2018/09/04 04:09:19","蒐書","http://www.aozora.gr.jp/cards/000879/card3769.html","http://www.aozora.gr.jp/cards/000879/files/3769_ruby_27219.zip"
"155","2018/09/04 04:09:20","侏儒の言葉","http://www.aozora.gr.jp/cards/000879/card43751.html","http://www.aozora.gr.jp/cards/000879/files/43751_ruby_27860.zip"
"156","2018/09/04 04:09:21","侏儒の言葉","http://www.aozora.gr.jp/cards/000879/card158.html","http://www.aozora.gr.jp/cards/000879/files/158_ruby_1243.zip"
"157","2018/09/04 04:09:21","「侏儒の言葉」の序","http://www.aozora.gr.jp/cards/000879/card24451.html","http://www.aozora.gr.jp/cards/000879/files/24451_ruby_11236.zip"
"158","2018/09/04 04:09:22","酒虫","http://www.aozora.gr.jp/cards/000879/card161.html","http://www.aozora.gr.jp/cards/000879/files/161_ruby_777.zip"
"159","2018/09/04 04:09:23","出帆","http://www.aozora.gr.jp/cards/000879/card160.html","http://www.aozora.gr.jp/cards/000879/files/160_ruby_1235.zip"
"160","2018/09/04 04:09:23","じゅりあの・吉助","http://www.aozora.gr.jp/cards/000879/card63.html","http://www.aozora.gr.jp/cards/000879/files/63_ruby_987.zip"
"161","2018/09/04 04:09:24","俊寛","http://www.aozora.gr.jp/cards/000879/card159.html","http://www.aozora.gr.jp/cards/000879/files/159_ruby_960.zip"
"162","2018/09/04 04:09:25","将軍","http://www.aozora.gr.jp/cards/000879/card156.html","http://www.aozora.gr.jp/cards/000879/files/156_ruby_1221.zip"
"163","2018/09/04 04:09:25","商賈聖母","http://www.aozora.gr.jp/cards/000879/card3813.html","http://www.aozora.gr.jp/cards/000879/files/3813_ruby_27220.zip"
"164","2018/09/04 04:09:26","饒舌","http://www.aozora.gr.jp/cards/000879/card3801.html","http://www.aozora.gr.jp/cards/000879/files/3801_ruby_27221.zip"
"165","2018/09/04 04:09:27","小説作法十則","http://www.aozora.gr.jp/cards/000879/card4313.html","http://www.aozora.gr.jp/cards/000879/files/4313_ruby_33092.zip"
"166","2018/09/04 04:09:27","小説の戯曲化","http://www.aozora.gr.jp/cards/000879/card4278.html","http://www.aozora.gr.jp/cards/000879/files/4278_ruby_5490.zip"
"167","2018/09/04 04:09:28","小説の読者","http://www.aozora.gr.jp/cards/000879/card3794.html","http://www.aozora.gr.jp/cards/000879/files/3794_ruby_27222.zip"
"168","2018/09/04 04:09:28","少年","http://www.aozora.gr.jp/cards/000879/card155.html","http://www.aozora.gr.jp/cards/000879/files/155_ruby_1146.zip"
"169","2018/09/04 04:09:29","娼婦美と冒険","http://www.aozora.gr.jp/cards/000879/card3770.html","http://www.aozora.gr.jp/cards/000879/files/3770_ruby_27223.zip"
"170","2018/09/04 04:09:30","食物として","http://www.aozora.gr.jp/cards/000879/card3795.html","http://www.aozora.gr.jp/cards/000879/files/3795_ruby_27224.zip"
"171","2018/09/04 04:09:30","虱","http://www.aozora.gr.jp/cards/000879/card148.html","http://www.aozora.gr.jp/cards/000879/files/148_ruby_264.zip"
"172","2018/09/04 04:09:31","しるこ","http://www.aozora.gr.jp/cards/000879/card24452.html","http://www.aozora.gr.jp/cards/000879/files/24452_ruby_11237.zip"
"173","2018/09/04 04:09:32","白","http://www.aozora.gr.jp/cards/000879/card149.html","http://www.aozora.gr.jp/cards/000879/files/149_ruby_1581.zip"
"174","2018/09/04 04:09:32","蜃気楼","http://www.aozora.gr.jp/cards/000879/card147.html","http://www.aozora.gr.jp/cards/000879/files/147_ruby_1325.zip"
"175","2018/09/04 04:09:33","新緑の庭","http://www.aozora.gr.jp/cards/000879/card4280.html","http://www.aozora.gr.jp/cards/000879/files/4280_ruby_5492.zip"
"176","2018/09/04 04:09:33","塵労","http://www.aozora.gr.jp/cards/000879/card2322.html","http://www.aozora.gr.jp/cards/000879/files/2322_ruby_1511.zip"
"177","2018/09/04 04:09:34","素戔嗚尊","http://www.aozora.gr.jp/cards/000879/card153.html","http://www.aozora.gr.jp/cards/000879/files/153_ruby_2349.zip"
"178","2018/09/04 04:09:35","捨児","http://www.aozora.gr.jp/cards/000879/card154.html","http://www.aozora.gr.jp/cards/000879/files/154_ruby_956.zip"
"179","2018/09/04 04:09:35","青年と死","http://www.aozora.gr.jp/cards/000879/card142.html","http://www.aozora.gr.jp/cards/000879/files/142_ruby_249.zip"
"180","2018/09/04 04:09:36","西洋画のやうな日本画","http://www.aozora.gr.jp/cards/000879/card3756.html","http://www.aozora.gr.jp/cards/000879/files/3756_ruby_27225.zip"
"181","2018/09/04 04:09:36","仙人","http://www.aozora.gr.jp/cards/000879/card2325.html","http://www.aozora.gr.jp/cards/000879/files/2325_ruby_1520.zip"
"182","2018/09/04 04:09:37","仙人","http://www.aozora.gr.jp/cards/000879/card144.html","http://www.aozora.gr.jp/cards/000879/files/144_ruby_1107.zip"
"183","2018/09/04 04:09:38","仙人","http://www.aozora.gr.jp/cards/000879/card143.html","http://www.aozora.gr.jp/cards/000879/files/143_ruby_833.zip"
"184","2018/09/04 04:09:39","葬儀記","http://www.aozora.gr.jp/cards/000879/card150.html","http://www.aozora.gr.jp/cards/000879/files/150_ruby_1239.zip"
"185","2018/09/04 04:09:39","創作","http://www.aozora.gr.jp/cards/000879/card3799.html","http://www.aozora.gr.jp/cards/000879/files/3799_ruby_27271.zip"
"186","2018/09/04 04:09:40","早春","http://www.aozora.gr.jp/cards/000879/card152.html","http://www.aozora.gr.jp/cards/000879/files/152_ruby_908.zip"
"187","2018/09/04 04:09:41","漱石山房の秋","http://www.aozora.gr.jp/cards/000879/card151.html","http://www.aozora.gr.jp/cards/000879/files/151_ruby_1349.zip"
"188","2018/09/04 04:09:41","漱石山房の冬","http://www.aozora.gr.jp/cards/000879/card2321.html","http://www.aozora.gr.jp/cards/000879/files/2321_ruby_1353.zip"
"189","2018/09/04 04:09:42","装幀に就いての私の意見","http://www.aozora.gr.jp/cards/000879/card4301.html","http://www.aozora.gr.jp/cards/000879/files/4301_txt_6770.zip"
"190","2018/09/04 04:09:43","続西方の人","http://www.aozora.gr.jp/cards/000879/card191.html","http://www.aozora.gr.jp/cards/000879/files/191_ruby_366.zip"
"191","2018/09/04 04:09:43","続澄江堂雑記","http://www.aozora.gr.jp/cards/000879/card3746.html","http://www.aozora.gr.jp/cards/000879/files/3746_ruby_27226.zip"
"192","2018/09/04 04:09:44","続芭蕉雑記","http://www.aozora.gr.jp/cards/000879/card189.html","http://www.aozora.gr.jp/cards/000879/files/189_ruby_1257.zip"
"193","2018/09/04 04:09:44","続文芸的な、余りに文芸的な","http://www.aozora.gr.jp/cards/000879/card190.html","http://www.aozora.gr.jp/cards/000879/files/190_ruby_1444.zip"
"194","2018/09/04 04:09:45","続野人生計事","http://www.aozora.gr.jp/cards/000879/card3744.html","http://www.aozora.gr.jp/cards/000879/files/3744_ruby_27272.zip"
"195","2018/09/04 04:09:46","その頃の赤門生活","http://www.aozora.gr.jp/cards/000879/card3793.html","http://www.aozora.gr.jp/cards/000879/files/3793_ruby_27227.zip"
"196","2018/09/04 04:09:47","素描三題","http://www.aozora.gr.jp/cards/000879/card157.html","http://www.aozora.gr.jp/cards/000879/files/157_ruby_1508.zip"
"197","2018/09/04 04:09:47","大正十二年九月一日の大震に際して","http://www.aozora.gr.jp/cards/000879/card3762.html","http://www.aozora.gr.jp/cards/000879/files/3762_ruby_27273.zip"
"198","2018/09/04 04:09:48","大導寺信輔の半生","http://www.aozora.gr.jp/cards/000879/card32.html","http://www.aozora.gr.jp/cards/000879/files/32_ruby_615.zip"
"199","2018/09/04 04:09:48","大導寺信輔の半生","http://www.aozora.gr.jp/cards/000879/card46672.html","http://www.aozora.gr.jp/cards/000879/files/46672_ruby_34129.zip"
"200","2018/09/04 04:09:49","第四の夫から","http://www.aozora.gr.jp/cards/000879/card33.html","http://www.aozora.gr.jp/cards/000879/files/33_ruby_1079.zip"
"201","2018/09/04 04:09:50","滝田哲太郎君","http://www.aozora.gr.jp/cards/000879/card43382.html","http://www.aozora.gr.jp/cards/000879/files/43382_ruby_17693.zip"
"202","2018/09/04 04:09:50","滝田哲太郎氏","http://www.aozora.gr.jp/cards/000879/card43383.html","http://www.aozora.gr.jp/cards/000879/files/43383_ruby_25741.zip"
"203","2018/09/04 04:09:51","竜村平蔵氏の芸術","http://www.aozora.gr.jp/cards/000879/card1132.html","http://www.aozora.gr.jp/cards/000879/files/1132_ruby_5439.zip"
"204","2018/09/04 04:09:52","谷崎潤一郎氏","http://www.aozora.gr.jp/cards/000879/card4276.html","http://www.aozora.gr.jp/cards/000879/files/4276_txt_6756.zip"
"205","2018/09/04 04:09:52","たね子の憂鬱","http://www.aozora.gr.jp/cards/000879/card164.html","http://www.aozora.gr.jp/cards/000879/files/164_ruby_1455.zip"
"206","2018/09/04 04:09:53","煙草と悪魔","http://www.aozora.gr.jp/cards/000879/card163.html","http://www.aozora.gr.jp/cards/000879/files/163_ruby_529.zip"
"207","2018/09/04 04:09:54","田端人","http://www.aozora.gr.jp/cards/000879/card3773.html","http://www.aozora.gr.jp/cards/000879/files/3773_ruby_27228.zip"
"208","2018/09/04 04:09:54","田端日記","http://www.aozora.gr.jp/cards/000879/card2692.html","http://www.aozora.gr.jp/cards/000879/files/2692_ruby_26930.zip"
"209","2018/09/04 04:09:55","近頃の幽霊","http://www.aozora.gr.jp/cards/000879/card3759.html","http://www.aozora.gr.jp/cards/000879/files/3759_ruby_27229.zip"
"210","2018/09/04 04:09:55","父","http://www.aozora.gr.jp/cards/000879/card30.html","http://www.aozora.gr.jp/cards/000879/files/30_ruby_749.zip"
"211","2018/09/04 04:09:56","忠義","http://www.aozora.gr.jp/cards/000879/card173.html","http://www.aozora.gr.jp/cards/000879/files/173_ruby_837.zip"
"212","2018/09/04 04:09:57","偸盗","http://www.aozora.gr.jp/cards/000879/card31.html","http://www.aozora.gr.jp/cards/000879/files/31_ruby_584.zip"
"213","2018/09/04 04:09:57","澄江堂雑記","http://www.aozora.gr.jp/cards/000879/card3745.html","http://www.aozora.gr.jp/cards/000879/files/3745_ruby_27230.zip"
"214","2018/09/04 04:09:58","長江游記","http://www.aozora.gr.jp/cards/000879/card51216.html","http://www.aozora.gr.jp/cards/000879/files/51216_ruby_55977.zip"
"215","2018/09/04 04:09:59","樗牛の事","http://www.aozora.gr.jp/cards/000879/card172.html","http://www.aozora.gr.jp/cards/000879/files/172_ruby_1225.zip"
"216","2018/09/04 04:09:59","追憶","http://www.aozora.gr.jp/cards/000879/card1141.html","http://www.aozora.gr.jp/cards/000879/files/1141_ruby_5097.zip"
"217","2018/09/04 04:10:00","恒藤恭氏","http://www.aozora.gr.jp/cards/000879/card43385.html","http://www.aozora.gr.jp/cards/000879/files/43385_ruby_17695.zip"
"218","2018/09/04 04:10:01","手紙","http://www.aozora.gr.jp/cards/000879/card166.html","http://www.aozora.gr.jp/cards/000879/files/166_ruby_1459.zip"
"219","2018/09/04 04:10:01","出来上った人","http://www.aozora.gr.jp/cards/000879/card43386.html","http://www.aozora.gr.jp/cards/000879/files/43386_ruby_25696.zip"
"220","2018/09/04 04:10:02","伝吉の敵打ち","http://www.aozora.gr.jp/cards/000879/card34.html","http://www.aozora.gr.jp/cards/000879/files/34_ruby_1130.zip"
"221","2018/09/04 04:10:02","点鬼簿","http://www.aozora.gr.jp/cards/000879/card167.html","http://www.aozora.gr.jp/cards/000879/files/167_ruby_588.zip"
"222","2018/09/04 04:10:03","点心","http://www.aozora.gr.jp/cards/000879/card3740.html","http://www.aozora.gr.jp/cards/000879/files/3740_ruby_27231.zip"
"223","2018/09/04 04:10:04","東京小品","http://www.aozora.gr.jp/cards/000879/card3807.html","http://www.aozora.gr.jp/cards/000879/files/3807_ruby_27232.zip"
"224","2018/09/04 04:10:04","東京に生れて","http://www.aozora.gr.jp/cards/000879/card45623.html","http://www.aozora.gr.jp/cards/000879/files/45623_ruby_20632.zip"
"225","2018/09/04 04:10:05","東西問答","http://www.aozora.gr.jp/cards/000879/card3788.html","http://www.aozora.gr.jp/cards/000879/files/3788_ruby_27274.zip"
"226","2018/09/04 04:10:06","道祖問答","http://www.aozora.gr.jp/cards/000879/card135.html","http://www.aozora.gr.jp/cards/000879/files/135_ruby_765.zip"
"227","2018/09/04 04:10:06","動物園","http://www.aozora.gr.jp/cards/000879/card3810.html","http://www.aozora.gr.jp/cards/000879/files/3810_ruby_27233.zip"
"228","2018/09/04 04:10:07","東洋の秋","http://www.aozora.gr.jp/cards/000879/card2369.html","http://www.aozora.gr.jp/cards/000879/files/2369_ruby_1406.zip"
"229","2018/09/04 04:10:08","都会で","http://www.aozora.gr.jp/cards/000879/card2324.html","http://www.aozora.gr.jp/cards/000879/files/2324_ruby_1517.zip"
"230","2018/09/04 04:10:08","杜子春","http://www.aozora.gr.jp/cards/000879/card170.html","http://www.aozora.gr.jp/cards/000879/files/170_ruby_348.zip"
"231","2018/09/04 04:10:09","杜子春","http://www.aozora.gr.jp/cards/000879/card43015.html","http://www.aozora.gr.jp/cards/000879/files/43015_ruby_17393.zip"
"232","2018/09/04 04:10:09","豊島与志雄氏の事","http://www.aozora.gr.jp/cards/000879/card43387.html","http://www.aozora.gr.jp/cards/000879/files/43387_ruby_17694.zip"
"233","2018/09/04 04:10:10","虎の話","http://www.aozora.gr.jp/cards/000879/card168.html","http://www.aozora.gr.jp/cards/000879/files/168_ruby_1390.zip"
"234","2018/09/04 04:10:11","トロッコ","http://www.aozora.gr.jp/cards/000879/card43016.html","http://www.aozora.gr.jp/cards/000879/files/43016_ruby_16663.zip"
"235","2018/09/04 04:10:11","トロツコ","http://www.aozora.gr.jp/cards/000879/card169.html","http://www.aozora.gr.jp/cards/000879/files/169_ruby_276.zip"
"236","2018/09/04 04:10:12","長崎","http://www.aozora.gr.jp/cards/000879/card1140.html","http://www.aozora.gr.jp/cards/000879/files/1140_ruby_5483.zip"
"237","2018/09/04 04:10:13","長崎小品","http://www.aozora.gr.jp/cards/000879/card104.html","http://www.aozora.gr.jp/cards/000879/files/104_ruby_1361.zip"
"238","2018/09/04 04:10:13","夏目先生と滝田さん","http://www.aozora.gr.jp/cards/000879/card43388.html","http://www.aozora.gr.jp/cards/000879/files/43388_ruby_25739.zip"
"239","2018/09/04 04:10:14","南京の基督","http://www.aozora.gr.jp/cards/000879/card105.html","http://www.aozora.gr.jp/cards/000879/files/105_ruby_773.zip"
"240","2018/09/04 04:10:14","廿年後之戦争","http://www.aozora.gr.jp/cards/000879/card145.html","http://www.aozora.gr.jp/cards/000879/files/145_ruby_1288.zip"
"241","2018/09/04 04:10:15","偽者二題","http://www.aozora.gr.jp/cards/000879/card3778.html","http://www.aozora.gr.jp/cards/000879/files/3778_ruby_27234.zip"
"242","2018/09/04 04:10:16","尼提","http://www.aozora.gr.jp/cards/000879/card109.html","http://www.aozora.gr.jp/cards/000879/files/109_ruby_1423.zip"
"243","2018/09/04 04:10:16","日光小品","http://www.aozora.gr.jp/cards/000879/card110.html","http://www.aozora.gr.jp/cards/000879/files/110_ruby_1195.zip"
"244","2018/09/04 04:10:17","日本小説の支那訳","http://www.aozora.gr.jp/cards/000879/card3774.html","http://www.aozora.gr.jp/cards/000879/files/3774_ruby_27236.zip"
"245","2018/09/04 04:10:17","日本の女","http://www.aozora.gr.jp/cards/000879/card3776.html","http://www.aozora.gr.jp/cards/000879/files/3776_ruby_27235.zip"
"246","2018/09/04 04:10:18","入社の辞","http://www.aozora.gr.jp/cards/000879/card3753.html","http://www.aozora.gr.jp/cards/000879/files/3753_ruby_27237.zip"
"247","2018/09/04 04:10:19","女仙","http://www.aozora.gr.jp/cards/000879/card1031.html","http://www.aozora.gr.jp/cards/000879/files/1031_ruby_1963.zip"
"248","2018/09/04 04:10:20","女体","http://www.aozora.gr.jp/cards/000879/card114.html","http://www.aozora.gr.jp/cards/000879/files/114_ruby_999.zip"
"249","2018/09/04 04:10:20","庭","http://www.aozora.gr.jp/cards/000879/card111.html","http://www.aozora.gr.jp/cards/000879/files/111_ruby_1573.zip"
"250","2018/09/04 04:10:21","沼","http://www.aozora.gr.jp/cards/000879/card3808.html","http://www.aozora.gr.jp/cards/000879/files/3808_ruby_27238.zip"
"251","2018/09/04 04:10:21","沼地","http://www.aozora.gr.jp/cards/000879/card113.html","http://www.aozora.gr.jp/cards/000879/files/113_ruby_995.zip"
"252","2018/09/04 04:10:22","葱","http://www.aozora.gr.jp/cards/000879/card106.html","http://www.aozora.gr.jp/cards/000879/files/106_ruby_889.zip"
"253","2018/09/04 04:10:23","鼠小僧次郎吉","http://www.aozora.gr.jp/cards/000879/card108.html","http://www.aozora.gr.jp/cards/000879/files/108_ruby_1277.zip"
"254","2018/09/04 04:10:23","念仁波念遠入礼帖","http://www.aozora.gr.jp/cards/000879/card3775.html","http://www.aozora.gr.jp/cards/000879/files/3775_ruby_27239.zip"
"255","2018/09/04 04:10:24","年末の一日","http://www.aozora.gr.jp/cards/000879/card107.html","http://www.aozora.gr.jp/cards/000879/files/107_ruby_596.zip"
"256","2018/09/04 04:10:25","野呂松人形","http://www.aozora.gr.jp/cards/000879/card112.html","http://www.aozora.gr.jp/cards/000879/files/112_ruby_3165.zip"
"257","2018/09/04 04:10:25","八宝飯","http://www.aozora.gr.jp/cards/000879/card3760.html","http://www.aozora.gr.jp/cards/000879/files/3760_ruby_27244.zip"
"258","2018/09/04 04:10:26","俳画展覧会を観て","http://www.aozora.gr.jp/cards/000879/card3752.html","http://www.aozora.gr.jp/cards/000879/files/3752_ruby_27240.zip"
"259","2018/09/04 04:10:26","梅花に対する感情","http://www.aozora.gr.jp/cards/000879/card4275.html","http://www.aozora.gr.jp/cards/000879/files/4275_ruby_5486.zip"
"260","2018/09/04 04:10:27","売文問答","http://www.aozora.gr.jp/cards/000879/card3758.html","http://www.aozora.gr.jp/cards/000879/files/3758_ruby_27241.zip"
"261","2018/09/04 04:10:28","歯車","http://www.aozora.gr.jp/cards/000879/card42377.html","http://www.aozora.gr.jp/cards/000879/files/42377_ruby_34744.zip"
"262","2018/09/04 04:10:28","歯車","http://www.aozora.gr.jp/cards/000879/card40.html","http://www.aozora.gr.jp/cards/000879/files/40_ruby_310.zip"
"263","2018/09/04 04:10:29","芭蕉雑記","http://www.aozora.gr.jp/cards/000879/card23.html","http://www.aozora.gr.jp/cards/000879/files/23_ruby_1254.zip"
"264","2018/09/04 04:10:30","パステルの竜","http://www.aozora.gr.jp/cards/000879/card3811.html","http://www.aozora.gr.jp/cards/000879/files/3811_ruby_27242.zip"
"265","2018/09/04 04:10:30","はつきりした形をとる為めに","http://www.aozora.gr.jp/cards/000879/card3749.html","http://www.aozora.gr.jp/cards/000879/files/3749_ruby_27243.zip"
"266","2018/09/04 04:10:31","鼻","http://www.aozora.gr.jp/cards/000879/card42.html","http://www.aozora.gr.jp/cards/000879/files/42_ruby_154.zip"
"267","2018/09/04 04:10:31","母","http://www.aozora.gr.jp/cards/000879/card41.html","http://www.aozora.gr.jp/cards/000879/files/41_ruby_1553.zip"
"268","2018/09/04 04:10:32","春","http://www.aozora.gr.jp/cards/000879/card45.html","http://www.aozora.gr.jp/cards/000879/files/45_ruby_1083.zip"
"269","2018/09/04 04:10:33","バルタザアル","http://www.aozora.gr.jp/cards/000338/card2289.html","http://www.aozora.gr.jp/cards/000338/files/2289_ruby_795.zip"
"270","2018/09/04 04:10:33","春の心臓","http://www.aozora.gr.jp/cards/001085/card44.html","http://www.aozora.gr.jp/cards/001085/files/44_ruby_808.zip"
"271","2018/09/04 04:10:34","春の日のさした往来をぶらぶら一人歩いてゐる","http://www.aozora.gr.jp/cards/000879/card4281.html","http://www.aozora.gr.jp/cards/000879/files/4281_ruby_5493.zip"
"272","2018/09/04 04:10:34","春の夜は","http://www.aozora.gr.jp/cards/000879/card2367.html","http://www.aozora.gr.jp/cards/000879/files/2367_ruby_1398.zip"
"273","2018/09/04 04:10:35","春の夜","http://www.aozora.gr.jp/cards/000879/card46.html","http://www.aozora.gr.jp/cards/000879/files/46_ruby_1431.zip"
"274","2018/09/04 04:10:36","手巾","http://www.aozora.gr.jp/cards/000879/card43.html","http://www.aozora.gr.jp/cards/000879/files/43_ruby_547.zip"
"275","2018/09/04 04:10:36","ピアノ","http://www.aozora.gr.jp/cards/000879/card1130.html","http://www.aozora.gr.jp/cards/000879/files/1130_ruby_5514.zip"
"276","2018/09/04 04:10:37","微笑","http://www.aozora.gr.jp/cards/000879/card3821.html","http://www.aozora.gr.jp/cards/000879/files/3821_ruby_27245.zip"
"277","2018/09/04 04:10:37","尾生の信","http://www.aozora.gr.jp/cards/000879/card24.html","http://www.aozora.gr.jp/cards/000879/files/24_ruby_877.zip"
"278","2018/09/04 04:10:38","人及び芸術家としての薄田泣菫氏","http://www.aozora.gr.jp/cards/000879/card4304.html","http://www.aozora.gr.jp/cards/000879/files/4304_ruby_5519.zip"
"279","2018/09/04 04:10:39","一塊の土","http://www.aozora.gr.jp/cards/000879/card171.html","http://www.aozora.gr.jp/cards/000879/files/171_ruby_1273.zip"
"280","2018/09/04 04:10:39","一つの作が出来上るまで","http://www.aozora.gr.jp/cards/000879/card3754.html","http://www.aozora.gr.jp/cards/000879/files/3754_ruby_27246.zip"
"281","2018/09/04 04:10:40","一人の無名作家","http://www.aozora.gr.jp/cards/000879/card3787.html","http://www.aozora.gr.jp/cards/000879/files/3787_ruby_27247.zip"
"282","2018/09/04 04:10:41","雛","http://www.aozora.gr.jp/cards/000879/card47.html","http://www.aozora.gr.jp/cards/000879/files/47_ruby_720.zip"
"283","2018/09/04 04:10:41","病牀雑記","http://www.aozora.gr.jp/cards/000879/card3780.html","http://www.aozora.gr.jp/cards/000879/files/3780_ruby_27248.zip"
"284","2018/09/04 04:10:42","病中雑記","http://www.aozora.gr.jp/cards/000879/card3786.html","http://www.aozora.gr.jp/cards/000879/files/3786_ruby_27249.zip"
"285","2018/09/04 04:10:42","ひょっとこ","http://www.aozora.gr.jp/cards/000879/card54.html","http://www.aozora.gr.jp/cards/000879/files/54_ruby_741.zip"
"286","2018/09/04 04:10:43","平田先生の翻訳","http://www.aozora.gr.jp/cards/000879/card4303.html","http://www.aozora.gr.jp/cards/000879/files/4303_ruby_5518.zip"
"287","2018/09/04 04:10:44","比呂志との問答","http://www.aozora.gr.jp/cards/000879/card3791.html","http://www.aozora.gr.jp/cards/000879/files/3791_ruby_27250.zip"
"288","2018/09/04 04:10:44","風変りな作品に就いて","http://www.aozora.gr.jp/cards/000879/card3781.html","http://www.aozora.gr.jp/cards/000879/files/3781_ruby_27251.zip"
"289","2018/09/04 04:10:45","不思議な島","http://www.aozora.gr.jp/cards/000879/card52.html","http://www.aozora.gr.jp/cards/000879/files/52_ruby_1168.zip"
"290","2018/09/04 04:10:45","拊掌談","http://www.aozora.gr.jp/cards/000879/card3785.html","http://www.aozora.gr.jp/cards/000879/files/3785_ruby_27252.zip"
"291","2018/09/04 04:10:46","二つの手紙","http://www.aozora.gr.jp/cards/000879/card165.html","http://www.aozora.gr.jp/cards/000879/files/165_ruby_829.zip"
"292","2018/09/04 04:10:47","二人小町","http://www.aozora.gr.jp/cards/000879/card86.html","http://www.aozora.gr.jp/cards/000879/files/86_ruby_1176.zip"
"293","2018/09/04 04:10:47","二人の友","http://www.aozora.gr.jp/cards/000879/card3822.html","http://www.aozora.gr.jp/cards/000879/files/3822_ruby_27253.zip"
"294","2018/09/04 04:10:48","舞踏会","http://www.aozora.gr.jp/cards/000879/card28.html","http://www.aozora.gr.jp/cards/000879/files/28_ruby_272.zip"
"295","2018/09/04 04:10:49","文放古","http://www.aozora.gr.jp/cards/000879/card51.html","http://www.aozora.gr.jp/cards/000879/files/51_ruby_1134.zip"
"296","2018/09/04 04:10:49","冬","http://www.aozora.gr.jp/cards/000879/card53.html","http://www.aozora.gr.jp/cards/000879/files/53_ruby_1557.zip"
"297","2018/09/04 04:10:50","仏蘭西文学と僕","http://www.aozora.gr.jp/cards/000879/card56820.html","http://www.aozora.gr.jp/cards/000879/files/56820_ruby_60835.zip"
"298","2018/09/04 04:10:51","プロレタリア文学論","http://www.aozora.gr.jp/cards/000879/card4302.html","http://www.aozora.gr.jp/cards/000879/files/4302_ruby_5517.zip"
"299","2018/09/04 04:10:51","文学好きの家庭から","http://www.aozora.gr.jp/cards/000879/card25.html","http://www.aozora.gr.jp/cards/000879/files/25_ruby_1213.zip"
"300","2018/09/04 04:10:52","文芸鑑賞講座","http://www.aozora.gr.jp/cards/000879/card46227.html","http://www.aozora.gr.jp/cards/000879/files/46227_ruby_26534.zip"
"301","2018/09/04 04:10:52","文芸的な、余りに文芸的な","http://www.aozora.gr.jp/cards/000879/card26.html","http://www.aozora.gr.jp/cards/000879/files/26_ruby_1441.zip"
"302","2018/09/04 04:10:54","文章","http://www.aozora.gr.jp/cards/000879/card27.html","http://www.aozora.gr.jp/cards/000879/files/27_ruby_1126.zip"
"303","2018/09/04 04:10:54","文章と言葉と","http://www.aozora.gr.jp/cards/000879/card3755.html","http://www.aozora.gr.jp/cards/000879/files/3755_ruby_27254.zip"
"304","2018/09/04 04:10:55","僻見","http://www.aozora.gr.jp/cards/000879/card16033.html","http://www.aozora.gr.jp/cards/000879/files/16033_ruby_33096.zip"
"305","2018/09/04 04:10:55","北京日記抄","http://www.aozora.gr.jp/cards/000879/card51217.html","http://www.aozora.gr.jp/cards/000879/files/51217_ruby_55978.zip"
"306","2018/09/04 04:10:56","変遷その他","http://www.aozora.gr.jp/cards/000879/card3777.html","http://www.aozora.gr.jp/cards/000879/files/3777_ruby_27255.zip"
"307","2018/09/04 04:10:57","報恩記","http://www.aozora.gr.jp/cards/000879/card50.html","http://www.aozora.gr.jp/cards/000879/files/50_ruby_932.zip"
"308","2018/09/04 04:10:57","奉教人の死","http://www.aozora.gr.jp/cards/000879/card49.html","http://www.aozora.gr.jp/cards/000879/files/49_ruby_373.zip"
"309","2018/09/04 04:10:58","ポーの片影","http://www.aozora.gr.jp/cards/000879/card4614.html","http://www.aozora.gr.jp/cards/000879/files/4614_ruby_6776.zip"
"310","2018/09/04 04:10:59","僕の友だち二三人","http://www.aozora.gr.jp/cards/000879/card3796.html","http://www.aozora.gr.jp/cards/000879/files/3796_ruby_27256.zip"
"311","2018/09/04 04:11:00","僕は","http://www.aozora.gr.jp/cards/000879/card2368.html","http://www.aozora.gr.jp/cards/000879/files/2368_ruby_1402.zip"
"312","2018/09/04 04:11:00","発句私見","http://www.aozora.gr.jp/cards/000879/card1136.html","http://www.aozora.gr.jp/cards/000879/files/1136_ruby_6114.zip"
"313","2018/09/04 04:11:01","本所両国","http://www.aozora.gr.jp/cards/000879/card55721.html","http://www.aozora.gr.jp/cards/000879/files/55721_ruby_50615.zip"
"314","2018/09/04 04:11:01","本所両国","http://www.aozora.gr.jp/cards/000879/card48.html","http://www.aozora.gr.jp/cards/000879/files/48_ruby_2345.zip"
"315","2018/09/04 04:11:02","本の事","http://www.aozora.gr.jp/cards/000879/card3741.html","http://www.aozora.gr.jp/cards/000879/files/3741_ruby_27257.zip"
"316","2018/09/04 04:11:03","翻訳小品","http://www.aozora.gr.jp/cards/000879/card3783.html","http://www.aozora.gr.jp/cards/000879/files/3783_ruby_27258.zip"
"317","2018/09/04 04:11:03","正岡子規","http://www.aozora.gr.jp/cards/000879/card3765.html","http://www.aozora.gr.jp/cards/000879/files/3765_ruby_27259.zip"
"318","2018/09/04 04:11:04","魔術","http://www.aozora.gr.jp/cards/000879/card95.html","http://www.aozora.gr.jp/cards/000879/files/95_ruby_885.zip"
"319","2018/09/04 04:11:04","又一説？","http://www.aozora.gr.jp/cards/000879/card3789.html","http://www.aozora.gr.jp/cards/000879/files/3789_ruby_27260.zip"
"320","2018/09/04 04:11:05","亦一説？","http://www.aozora.gr.jp/cards/000879/card3790.html","http://www.aozora.gr.jp/cards/000879/files/3790_ruby_27261.zip"
"321","2018/09/04 04:11:06","松江印象記","http://www.aozora.gr.jp/cards/000879/card96.html","http://www.aozora.gr.jp/cards/000879/files/96_ruby_1207.zip"
"322","2018/09/04 04:11:06","窓","http://www.aozora.gr.jp/cards/000879/card3805.html","http://www.aozora.gr.jp/cards/000879/files/3805_ruby_27262.zip"
"323","2018/09/04 04:11:07","蜜柑","http://www.aozora.gr.jp/cards/000879/card98.html","http://www.aozora.gr.jp/cards/000879/files/98_ruby_256.zip"
"324","2018/09/04 04:11:08","蜜柑","http://www.aozora.gr.jp/cards/000879/card24453.html","http://www.aozora.gr.jp/cards/000879/files/24453_ruby_46814.zip"
"325","2018/09/04 04:11:08","蜜柑","http://www.aozora.gr.jp/cards/000879/card43017.html","http://www.aozora.gr.jp/cards/000879/files/43017_ruby_17394.zip"
"326","2018/09/04 04:11:09","水の三日","http://www.aozora.gr.jp/cards/000879/card99.html","http://www.aozora.gr.jp/cards/000879/files/99_ruby_1191.zip"
"327","2018/09/04 04:11:09","三つの宝","http://www.aozora.gr.jp/cards/000879/card1126.html","http://www.aozora.gr.jp/cards/000879/files/1126_ruby_14122.zip"
"328","2018/09/04 04:11:10","三つのなぜ","http://www.aozora.gr.jp/cards/000879/card1124.html","http://www.aozora.gr.jp/cards/000879/files/1124_ruby_14121.zip"
"329","2018/09/04 04:11:11","三つの窓","http://www.aozora.gr.jp/cards/000879/card1125.html","http://www.aozora.gr.jp/cards/000879/files/1125_ruby_14123.zip"
"330","2018/09/04 04:11:11","三つの指環","http://www.aozora.gr.jp/cards/000879/card3828.html","http://www.aozora.gr.jp/cards/000879/files/3828_ruby_28510.zip"
"331","2018/09/04 04:11:12","身のまはり","http://www.aozora.gr.jp/cards/000879/card3782.html","http://www.aozora.gr.jp/cards/000879/files/3782_ruby_27263.zip"
"332","2018/09/04 04:11:13","妙な話","http://www.aozora.gr.jp/cards/000879/card103.html","http://www.aozora.gr.jp/cards/000879/files/103_ruby_948.zip"
"333","2018/09/04 04:11:13","貉","http://www.aozora.gr.jp/cards/000879/card102.html","http://www.aozora.gr.jp/cards/000879/files/102_ruby_724.zip"
"334","2018/09/04 04:11:14","無題","http://www.aozora.gr.jp/cards/000879/card3792.html","http://www.aozora.gr.jp/cards/000879/files/3792_ruby_27264.zip"
"335","2018/09/04 04:11:15","Mensura Zoili","http://www.aozora.gr.jp/cards/000879/card97.html","http://www.aozora.gr.jp/cards/000879/files/97_ruby_757.zip"
"336","2018/09/04 04:11:15","毛利先生","http://www.aozora.gr.jp/cards/000879/card101.html","http://www.aozora.gr.jp/cards/000879/files/101_ruby_857.zip"
"337","2018/09/04 04:11:16","桃太郎","http://www.aozora.gr.jp/cards/000879/card100.html","http://www.aozora.gr.jp/cards/000879/files/100_ruby_1154.zip"
"338","2018/09/04 04:11:16","森先生","http://www.aozora.gr.jp/cards/000879/card43390.html","http://www.aozora.gr.jp/cards/000879/files/43390_txt_25738.zip"
"339","2018/09/04 04:11:17","文部省の仮名遣改定案について","http://www.aozora.gr.jp/cards/000879/card1133.html","http://www.aozora.gr.jp/cards/000879/files/1133_ruby_5515.zip"
"340","2018/09/04 04:11:18","野人生計事","http://www.aozora.gr.jp/cards/000879/card3743.html","http://www.aozora.gr.jp/cards/000879/files/3743_ruby_27275.zip"
"341","2018/09/04 04:11:18","保吉の手帳から","http://www.aozora.gr.jp/cards/000879/card182.html","http://www.aozora.gr.jp/cards/000879/files/182_ruby_1184.zip"
"342","2018/09/04 04:11:19","藪の中","http://www.aozora.gr.jp/cards/000879/card24454.html","http://www.aozora.gr.jp/cards/000879/files/24454_ruby_46815.zip"
"343","2018/09/04 04:11:20","藪の中","http://www.aozora.gr.jp/cards/000879/card179.html","http://www.aozora.gr.jp/cards/000879/files/179_ruby_168.zip"
"344","2018/09/04 04:11:20","山鴫","http://www.aozora.gr.jp/cards/000879/card180.html","http://www.aozora.gr.jp/cards/000879/files/180_ruby_1300.zip"
"345","2018/09/04 04:11:21","槍ヶ岳紀行","http://www.aozora.gr.jp/cards/000879/card4628.html","http://www.aozora.gr.jp/cards/000879/files/4628_ruby_8225.zip"
"346","2018/09/04 04:11:21","槍が岳に登った記","http://www.aozora.gr.jp/cards/000879/card181.html","http://www.aozora.gr.jp/cards/000879/files/181_ruby_1203.zip"
"347","2018/09/04 04:11:22","悠々荘","http://www.aozora.gr.jp/cards/000879/card1127.html","http://www.aozora.gr.jp/cards/000879/files/1127_ruby_17637.zip"
"348","2018/09/04 04:11:23","誘惑","http://www.aozora.gr.jp/cards/000879/card188.html","http://www.aozora.gr.jp/cards/000879/files/188_ruby_1365.zip"
"349","2018/09/04 04:11:23","雪","http://www.aozora.gr.jp/cards/000879/card3817.html","http://www.aozora.gr.jp/cards/000879/files/3817_ruby_27265.zip"
"350","2018/09/04 04:11:24","夢","http://www.aozora.gr.jp/cards/000879/card186.html","http://www.aozora.gr.jp/cards/000879/files/186_ruby_1585.zip"
"351","2018/09/04 04:11:25","夢","http://www.aozora.gr.jp/cards/000879/card4308.html","http://www.aozora.gr.jp/cards/000879/files/4308_ruby_6117.zip"
"352","2018/09/04 04:11:25","百合","http://www.aozora.gr.jp/cards/000879/card187.html","http://www.aozora.gr.jp/cards/000879/files/187_ruby_1150.zip"
"353","2018/09/04 04:11:26","妖婆","http://www.aozora.gr.jp/cards/000879/card184.html","http://www.aozora.gr.jp/cards/000879/files/184_ruby_897.zip"
"354","2018/09/04 04:11:27","横須賀小景","http://www.aozora.gr.jp/cards/000879/card1135.html","http://www.aozora.gr.jp/cards/000879/files/1135_ruby_6120.zip"
"355","2018/09/04 04:11:27","世之助の話","http://www.aozora.gr.jp/cards/000879/card183.html","http://www.aozora.gr.jp/cards/000879/files/183_ruby_619.zip"
"356","2018/09/04 04:11:28","世の中と女","http://www.aozora.gr.jp/cards/000879/card3757.html","http://www.aozora.gr.jp/cards/000879/files/3757_ruby_27266.zip"
"357","2018/09/04 04:11:28","羅生門","http://www.aozora.gr.jp/cards/000879/card128.html","http://www.aozora.gr.jp/cards/000879/files/128_ruby_2046.zip"
"358","2018/09/04 04:11:29","羅生門","http://www.aozora.gr.jp/cards/000879/card127.html","http://www.aozora.gr.jp/cards/000879/files/127_ruby_150.zip"
"359","2018/09/04 04:11:30","羅生門の後に","http://www.aozora.gr.jp/cards/000879/card22.html","http://www.aozora.gr.jp/cards/000879/files/22_ruby_983.zip"
"360","2018/09/04 04:11:30","リチャード・バートン訳「一千一夜物語」に就いて","http://www.aozora.gr.jp/cards/000879/card3768.html","http://www.aozora.gr.jp/cards/000879/files/3768_ruby_27276.zip"
"361","2018/09/04 04:11:31","竜","http://www.aozora.gr.jp/cards/000879/card134.html","http://www.aozora.gr.jp/cards/000879/files/134_ruby_893.zip"
"362","2018/09/04 04:11:31","るしへる","http://www.aozora.gr.jp/cards/000879/card133.html","http://www.aozora.gr.jp/cards/000879/files/133_ruby_861.zip"
"363","2018/09/04 04:11:32","恋愛と夫婦愛とを混同しては不可ぬ","http://www.aozora.gr.jp/cards/000879/card4279.html","http://www.aozora.gr.jp/cards/000879/files/4279_ruby_5491.zip"
"364","2018/09/04 04:11:33","老年","http://www.aozora.gr.jp/cards/000879/card131.html","http://www.aozora.gr.jp/cards/000879/files/131_ruby_241.zip"
"365","2018/09/04 04:11:33","臘梅","http://www.aozora.gr.jp/cards/000879/card3819.html","http://www.aozora.gr.jp/cards/000879/files/3819_ruby_27267.zip"
"366","2018/09/04 04:11:34","六の宮の姫君","http://www.aozora.gr.jp/cards/000879/card130.html","http://www.aozora.gr.jp/cards/000879/files/130_ruby_825.zip"
"367","2018/09/04 04:11:35","路上","http://www.aozora.gr.jp/cards/000879/card132.html","http://www.aozora.gr.jp/cards/000879/files/132_ruby_1577.zip"
"368","2018/09/04 04:11:35","LOS CAPRICHOS","http://www.aozora.gr.jp/cards/000879/card94.html","http://www.aozora.gr.jp/cards/000879/files/94_ruby_1357.zip"
"369","2018/09/04 04:11:36","露訳短篇集の序","http://www.aozora.gr.jp/cards/000879/card24455.html","http://www.aozora.gr.jp/cards/000879/files/24455_ruby_11238.zip"
"370","2018/09/04 04:11:36","わが散文詩","http://www.aozora.gr.jp/cards/000879/card3812.html","http://www.aozora.gr.jp/cards/000879/files/3812_ruby_27268.zip"
"371","2018/09/04 04:11:37","わが俳諧修業","http://www.aozora.gr.jp/cards/000879/card3771.html","http://www.aozora.gr.jp/cards/000879/files/3771_ruby_26528.zip"
"372","2018/09/04 04:11:38","わが家の古玩","http://www.aozora.gr.jp/cards/000879/card3798.html","http://www.aozora.gr.jp/cards/000879/files/3798_ruby_27269.zip"
"373","2018/09/04 04:11:39","忘れられぬ印象","http://www.aozora.gr.jp/cards/000879/card3806.html","http://www.aozora.gr.jp/cards/000879/files/3806_ruby_27270.zip"
"374","2018/09/04 04:11:39","私の好きなロマンス中の女性","http://www.aozora.gr.jp/cards/000879/card4871.html","http://www.aozora.gr.jp/cards/000879/files/4871_txt_20865.zip"
