"","datetime","author","file"
"0","2018/09/04 04:20:56","natsume","watashino_kojinshugi.txt"
"1","2018/09/04 04:20:56","natsume","sanzankoji.txt"
"2","2018/09/04 04:20:56","natsume","gakushato_meiyo.txt"
"3","2018/09/04 04:20:56","natsume","sorekara.txt"
"4","2018/09/04 04:20:56","natsume","seiyoniwa_nai.txt"
"5","2018/09/04 04:20:56","natsume","tsuchini_tsuite.txt"
"6","2018/09/04 04:20:56","natsume","syojyosaku_tsuikaidan.txt"
"7","2018/09/04 04:20:56","natsume","buncho.txt"
"8","2018/09/04 04:20:56","natsume","kyoikuto_bungei.txt"
"9","2018/09/04 04:20:56","natsume","omoidasu_kotonado.txt"
"10","2018/09/04 04:20:56","natsume","masaoka_shiki.txt"
"11","2018/09/04 04:20:56","natsume","nagatsuka_takashishino.txt"
"12","2018/09/04 04:20:56","natsume","mon.txt"
"13","2018/09/04 04:20:56","natsume","sorekara_yokoku.txt"
"14","2018/09/04 04:20:56","natsume","tegami.txt"
"15","2018/09/04 04:20:56","natsume","conrad.txt"
"16","2018/09/04 04:20:56","natsume","kokoro_kokoku.txt"
"17","2018/09/04 04:20:56","natsume","tentoroku.txt"
"18","2018/09/04 04:20:56","natsume","sakubutsuno_hihyo.txt"
"19","2018/09/04 04:20:56","natsume","jinsei.txt"
"20","2018/09/04 04:20:56","natsume","densetsuno_jidai_jo.txt"
"21","2018/09/04 04:20:56","natsume","mohoto_dokuritsu.txt"
"22","2018/09/04 04:20:56","natsume","tayama_katai.txt"
"23","2018/09/04 04:20:56","natsume","baien_jo.txt"
"24","2018/09/04 04:20:56","natsume","hakase_mondaito_murdoch.txt"
"25","2018/09/04 04:20:56","natsume","michikusa.txt"
"26","2018/09/04 04:20:56","natsume","bokuno_mukashi.txt"
"27","2018/09/04 04:20:56","natsume","watashino_keikashita.txt"
"28","2018/09/04 04:20:56","natsume","shumino_iden.txt"
"29","2018/09/04 04:20:56","natsume","hakase_mondaino_nariyuki.txt"
"30","2018/09/04 04:20:56","natsume","tsuchini_tsuie.txt"
"31","2018/09/04 04:20:56","natsume","nakamito_keishiki.txt"
"32","2018/09/04 04:20:56","natsume","gendainihonno_kaika.txt"
"33","2018/09/04 04:20:56","natsume","bungei_iin.txt"
"34","2018/09/04 04:20:56","natsume","hasegawa.txt"
"35","2018/09/04 04:20:56","natsume","rakudai.txt"
"36","2018/09/04 04:20:56","natsume","bundanno_susei.txt"
"37","2018/09/04 04:20:56","natsume","toyo_bijutsu_zufu.txt"
"38","2018/09/04 04:20:56","natsume","shizen'o_utsusu_bunsho.txt"
"39","2018/09/04 04:20:56","natsume","murdoch_senseino_nihon_rekishi.txt"
"40","2018/09/04 04:20:56","natsume","kokoro_yokoku.txt"
"41","2018/09/04 04:20:56","natsume","meian.txt"
"42","2018/09/04 04:20:56","natsume","neko_chuhen.txt"
"43","2018/09/04 04:20:56","natsume","kairoko.txt"
"44","2018/09/04 04:20:56","natsume","kinosita_mokutaro_cho.txt"
"45","2018/09/04 04:20:56","natsume","kojin.txt"
"46","2018/09/04 04:20:56","natsume","neko_kokoku.txt"
"47","2018/09/04 04:20:56","natsume","yume_juya.txt"
"48","2018/09/04 04:20:56","natsume","sosakuka.txt"
"49","2018/09/04 04:20:56","natsume","henna_oto_shin.txt"
"50","2018/09/04 04:20:56","natsume","bungeito_heroic.txt"
"51","2018/09/04 04:20:56","natsume","ganjitsu.txt"
"52","2018/09/04 04:20:56","natsume","jitensha_nikki.txt"
"53","2018/09/04 04:20:56","natsume","carlyle_hakubutsukan.txt"
"54","2018/09/04 04:20:56","natsume","london.txt"
"55","2018/09/04 04:20:56","natsume","nowaki.txt"
"56","2018/09/04 04:20:56","natsume","kusamakura.txt"
"57","2018/09/04 04:20:56","natsume","sanshiro.txt"
"58","2018/09/04 04:20:56","natsume","nyusyano_ji.txt"
"59","2018/09/04 04:20:56","natsume","maboroshino_tate.txt"
"60","2018/09/04 04:20:56","natsume","shikino_e.txt"
"61","2018/09/04 04:20:56","natsume","mankan_tokorodokoro.txt"
"62","2018/09/04 04:20:56","natsume","kokoro_jijo.txt"
"63","2018/09/04 04:20:56","natsume","meijizano_shokan.txt"
"64","2018/09/04 04:20:56","natsume","bunshino_seikatsu.txt"
"65","2018/09/04 04:20:56","natsume","henna_oto_kyu.txt"
"66","2018/09/04 04:20:56","natsume","bungeino_tetsugaku.txt"
"67","2018/09/04 04:20:56","natsume","bocchan.txt"
"68","2018/09/04 04:20:56","natsume","kotono_sorane.txt"
"69","2018/09/04 04:20:56","natsume","neko_gehen.txt"
"70","2018/09/04 04:20:56","natsume","ichiya.txt"
"71","2018/09/04 04:20:56","natsume","yono_egakantosuru.txt"
"72","2018/09/04 04:20:56","natsume","mudai.txt"
"73","2018/09/04 04:20:56","natsume","higansugimade.txt"
"74","2018/09/04 04:20:56","natsume","doraku.txt"
"75","2018/09/04 04:20:56","natsume","shoshuno_ichinichi.txt"
"76","2018/09/04 04:20:56","natsume","bungeiwa_danshi.txt"
"77","2018/09/04 04:20:56","natsume","wagahaiwa_nekodearu.txt"
"78","2018/09/04 04:20:56","natsume","ismno_koka.txt"
"79","2018/09/04 04:20:56","natsume","yoto_mannenhitsu.txt"
"80","2018/09/04 04:20:56","natsume","koeber_rsensei.txt"
"81","2018/09/04 04:20:56","natsume","glass_dono_uchi.txt"
"82","2018/09/04 04:20:56","natsume","shaseibun.txt"
"83","2018/09/04 04:20:56","natsume","koeber_sensei.txt"
"84","2018/09/04 04:20:56","natsume","gubijinso.txt"
"85","2018/09/04 04:20:56","natsume","london_shosoku.txt"
"86","2018/09/04 04:20:56","natsume","bungeito_dotoku.txt"
"87","2018/09/04 04:20:56","natsume","kofu.txt"
"88","2018/09/04 04:20:56","natsume","hitaino_otokoo_yomu.txt"
"89","2018/09/04 04:20:56","natsume","teichono_isho.txt"
"90","2018/09/04 04:20:56","natsume","okamoto_ippei.txt"
"91","2018/09/04 04:20:56","natsume","nihyakutoka.txt"
"92","2018/09/04 04:20:56","natsume","kyoni_tsukeru_yube.txt"
"93","2018/09/04 04:20:56","natsume","neko_jyo.txt"
"94","2018/09/04 04:20:56","natsume","sanshiro_yokoku.txt"
"95","2018/09/04 04:20:56","natsume","eijitsu_shohin.txt"
"96","2018/09/04 04:20:56","natsume","kokoro.txt"
"97","2018/09/04 04:20:56","natsume","miekichiate_shokan.txt"
"98","2018/09/04 04:20:56","natsume","kyoshikun.txt"
"99","2018/09/04 04:20:56","natsume","senso_ikichigai.txt"
"100","2018/09/04 04:20:56","natsume","takahamakyosi_cho_keito.txt"
"101","2018/09/04 04:20:56","natsume","kikokujino_ichiya.txt"
