"","datetime","author","zip"
"0","2018/09/04 04:20:12","natsume","<zipfile.ZipFile [closed]>"
"1","2018/09/04 04:20:12","natsume","<zipfile.ZipFile [closed]>"
"2","2018/09/04 04:20:12","natsume","<zipfile.ZipFile [closed]>"
"3","2018/09/04 04:20:12","natsume","<zipfile.ZipFile [closed]>"
"4","2018/09/04 04:20:12","natsume","<zipfile.ZipFile [closed]>"
"5","2018/09/04 04:20:12","natsume","<zipfile.ZipFile [closed]>"
"6","2018/09/04 04:20:12","natsume","<zipfile.ZipFile [closed]>"
"7","2018/09/04 04:20:12","natsume","<zipfile.ZipFile [closed]>"
"8","2018/09/04 04:20:12","natsume","<zipfile.ZipFile [closed]>"
"9","2018/09/04 04:20:12","natsume","<zipfile.ZipFile [closed]>"
"10","2018/09/04 04:20:12","natsume","<zipfile.ZipFile [closed]>"
"11","2018/09/04 04:20:12","natsume","<zipfile.ZipFile [closed]>"
"12","2018/09/04 04:20:12","natsume","<zipfile.ZipFile [closed]>"
"13","2018/09/04 04:20:12","natsume","<zipfile.ZipFile [closed]>"
"14","2018/09/04 04:20:12","natsume","<zipfile.ZipFile [closed]>"
"15","2018/09/04 04:20:12","natsume","<zipfile.ZipFile [closed]>"
"16","2018/09/04 04:20:12","natsume","<zipfile.ZipFile [closed]>"
"17","2018/09/04 04:20:12","natsume","<zipfile.ZipFile [closed]>"
"18","2018/09/04 04:20:12","natsume","<zipfile.ZipFile [closed]>"
"19","2018/09/04 04:20:12","natsume","<zipfile.ZipFile [closed]>"
"20","2018/09/04 04:20:12","natsume","<zipfile.ZipFile [closed]>"
"21","2018/09/04 04:20:12","natsume","<zipfile.ZipFile [closed]>"
"22","2018/09/04 04:20:12","natsume","<zipfile.ZipFile [closed]>"
"23","2018/09/04 04:20:12","natsume","<zipfile.ZipFile [closed]>"
"24","2018/09/04 04:20:12","natsume","<zipfile.ZipFile [closed]>"
"25","2018/09/04 04:20:12","natsume","<zipfile.ZipFile [closed]>"
"26","2018/09/04 04:20:12","natsume","<zipfile.ZipFile [closed]>"
"27","2018/09/04 04:20:12","natsume","<zipfile.ZipFile [closed]>"
"28","2018/09/04 04:20:12","natsume","<zipfile.ZipFile [closed]>"
"29","2018/09/04 04:20:12","natsume","<zipfile.ZipFile [closed]>"
"30","2018/09/04 04:20:12","natsume","<zipfile.ZipFile [closed]>"
"31","2018/09/04 04:20:12","natsume","<zipfile.ZipFile [closed]>"
"32","2018/09/04 04:20:12","natsume","<zipfile.ZipFile [closed]>"
"33","2018/09/04 04:20:12","natsume","<zipfile.ZipFile [closed]>"
"34","2018/09/04 04:20:12","natsume","<zipfile.ZipFile [closed]>"
"35","2018/09/04 04:20:12","natsume","<zipfile.ZipFile [closed]>"
"36","2018/09/04 04:20:12","natsume","<zipfile.ZipFile [closed]>"
"37","2018/09/04 04:20:12","natsume","<zipfile.ZipFile [closed]>"
"38","2018/09/04 04:20:12","natsume","<zipfile.ZipFile [closed]>"
"39","2018/09/04 04:20:12","natsume","<zipfile.ZipFile [closed]>"
"40","2018/09/04 04:20:12","natsume","<zipfile.ZipFile [closed]>"
"41","2018/09/04 04:20:12","natsume","<zipfile.ZipFile [closed]>"
"42","2018/09/04 04:20:12","natsume","<zipfile.ZipFile [closed]>"
"43","2018/09/04 04:20:12","natsume","<zipfile.ZipFile [closed]>"
"44","2018/09/04 04:20:12","natsume","<zipfile.ZipFile [closed]>"
"45","2018/09/04 04:20:12","natsume","<zipfile.ZipFile [closed]>"
"46","2018/09/04 04:20:12","natsume","<zipfile.ZipFile [closed]>"
"47","2018/09/04 04:20:12","natsume","<zipfile.ZipFile [closed]>"
"48","2018/09/04 04:20:12","natsume","<zipfile.ZipFile [closed]>"
"49","2018/09/04 04:20:12","natsume","<zipfile.ZipFile [closed]>"
"50","2018/09/04 04:20:12","natsume","<zipfile.ZipFile [closed]>"
"51","2018/09/04 04:20:12","natsume","<zipfile.ZipFile [closed]>"
"52","2018/09/04 04:20:12","natsume","<zipfile.ZipFile [closed]>"
"53","2018/09/04 04:20:12","natsume","<zipfile.ZipFile [closed]>"
"54","2018/09/04 04:20:12","natsume","<zipfile.ZipFile [closed]>"
"55","2018/09/04 04:20:12","natsume","<zipfile.ZipFile [closed]>"
"56","2018/09/04 04:20:12","natsume","<zipfile.ZipFile [closed]>"
"57","2018/09/04 04:20:12","natsume","<zipfile.ZipFile [closed]>"
"58","2018/09/04 04:20:12","natsume","<zipfile.ZipFile [closed]>"
"59","2018/09/04 04:20:12","natsume","<zipfile.ZipFile [closed]>"
"60","2018/09/04 04:20:12","natsume","<zipfile.ZipFile [closed]>"
"61","2018/09/04 04:20:12","natsume","<zipfile.ZipFile [closed]>"
"62","2018/09/04 04:20:12","natsume","<zipfile.ZipFile [closed]>"
"63","2018/09/04 04:20:12","natsume","<zipfile.ZipFile [closed]>"
"64","2018/09/04 04:20:12","natsume","<zipfile.ZipFile [closed]>"
"65","2018/09/04 04:20:12","natsume","<zipfile.ZipFile [closed]>"
"66","2018/09/04 04:20:12","natsume","<zipfile.ZipFile [closed]>"
"67","2018/09/04 04:20:12","natsume","<zipfile.ZipFile [closed]>"
"68","2018/09/04 04:20:12","natsume","<zipfile.ZipFile [closed]>"
"69","2018/09/04 04:20:12","natsume","<zipfile.ZipFile [closed]>"
"70","2018/09/04 04:20:12","natsume","<zipfile.ZipFile [closed]>"
"71","2018/09/04 04:20:12","natsume","<zipfile.ZipFile [closed]>"
"72","2018/09/04 04:20:12","natsume","<zipfile.ZipFile [closed]>"
"73","2018/09/04 04:20:12","natsume","<zipfile.ZipFile [closed]>"
"74","2018/09/04 04:20:12","natsume","<zipfile.ZipFile [closed]>"
"75","2018/09/04 04:20:12","natsume","<zipfile.ZipFile [closed]>"
"76","2018/09/04 04:20:12","natsume","<zipfile.ZipFile [closed]>"
"77","2018/09/04 04:20:12","natsume","<zipfile.ZipFile [closed]>"
"78","2018/09/04 04:20:12","natsume","<zipfile.ZipFile [closed]>"
"79","2018/09/04 04:20:12","natsume","<zipfile.ZipFile [closed]>"
"80","2018/09/04 04:20:12","natsume","<zipfile.ZipFile [closed]>"
"81","2018/09/04 04:20:12","natsume","<zipfile.ZipFile [closed]>"
"82","2018/09/04 04:20:12","natsume","<zipfile.ZipFile [closed]>"
"83","2018/09/04 04:20:12","natsume","<zipfile.ZipFile [closed]>"
"84","2018/09/04 04:20:12","natsume","<zipfile.ZipFile [closed]>"
"85","2018/09/04 04:20:12","natsume","<zipfile.ZipFile [closed]>"
"86","2018/09/04 04:20:12","natsume","<zipfile.ZipFile [closed]>"
"87","2018/09/04 04:20:12","natsume","<zipfile.ZipFile [closed]>"
"88","2018/09/04 04:20:12","natsume","<zipfile.ZipFile [closed]>"
"89","2018/09/04 04:20:12","natsume","<zipfile.ZipFile [closed]>"
"90","2018/09/04 04:20:12","natsume","<zipfile.ZipFile [closed]>"
"91","2018/09/04 04:20:12","natsume","<zipfile.ZipFile [closed]>"
"92","2018/09/04 04:20:12","natsume","<zipfile.ZipFile [closed]>"
"93","2018/09/04 04:20:12","natsume","<zipfile.ZipFile [closed]>"
"94","2018/09/04 04:20:12","natsume","<zipfile.ZipFile [closed]>"
"95","2018/09/04 04:20:12","natsume","<zipfile.ZipFile [closed]>"
"96","2018/09/04 04:20:12","natsume","<zipfile.ZipFile [closed]>"
"97","2018/09/04 04:20:12","natsume","<zipfile.ZipFile [closed]>"
"98","2018/09/04 04:20:12","natsume","<zipfile.ZipFile [closed]>"
"99","2018/09/04 04:20:12","natsume","<zipfile.ZipFile [closed]>"
"100","2018/09/04 04:20:12","natsume","<zipfile.ZipFile [closed]>"
"101","2018/09/04 04:20:12","natsume","<zipfile.ZipFile [closed]>"
"102","2018/09/04 04:20:12","natsume","<zipfile.ZipFile [closed]>"
"103","2018/09/04 04:20:12","natsume","<zipfile.ZipFile [closed]>"
